trading_symbol,instrument_key
20MICRONS,NSE_EQ|INE144J01027
360ONE,NSE_EQ|INE466L01038
3IINFOLTD,NSE_EQ|INE748C01038
3MINDIA,NSE_EQ|INE470A01017
5PAISA,NSE_EQ|INE618L01018
63MOONS,NSE_EQ|INE111B01023
AAATECH,NSE_EQ|INE0D0U01013
AADHARHFC,NSE_EQ|INE883F01010
AAKASH,NSE_EQ|INE087Z01024
AAREYDRUGS,NSE_EQ|INE198H01019
AARON,NSE_EQ|INE721Z01010
AARTIDRUGS,NSE_EQ|INE767A01016
AARTIIND,NSE_EQ|INE769A01020
AARTIPHARM,NSE_EQ|INE0LRU01027
AARTISURF,NSE_EQ|INE09EO04017
AARVI,NSE_EQ|INE754X01016
AAVAS,NSE_EQ|INE216P01012
ABAN,NSE_EQ|INE421A01028
ABB,NSE_EQ|INE117A01022
ABBOTINDIA,NSE_EQ|INE358A01014
ABCAPITAL,NSE_EQ|INE674K01013
ABDL,NSE_EQ|INE552Z01027
ABFRL,NSE_EQ|INE647O01011
ABINFRA,NSE_EQ|INE00YB01017
ABREL,NSE_EQ|INE055A01016
ABSLAMC,NSE_EQ|INE404A01024
ACC,NSE_EQ|INE012A01025
ACCELYA,NSE_EQ|INE793A01012
ACCURACY,NSE_EQ|INE648Z01023
ACE,NSE_EQ|INE731H01025
ACEINTEG,NSE_EQ|INE543V01017
ACI,NSE_EQ|INE128X01021
ACL,NSE_EQ|INE666E01020
ACLGATI,NSE_EQ|INE152B01027
ACMESOLAR,NSE_EQ|INE622W01025
ADANIENSOL,NSE_EQ|INE931S01010
ADANIENT,NSE_EQ|INE423A01024
ADANIGREEN,NSE_EQ|INE364U01010
ADANIPORTS,NSE_EQ|INE742F01042
ADANIPOWER,NSE_EQ|INE814H01011
ADFFOODS,NSE_EQ|INE982B01027
ADL,NSE_EQ|INE0CHO01012
ADORWELD,NSE_EQ|INE045A01017
ADSL,NSE_EQ|INE102I01027
ADVANIHOTR,NSE_EQ|INE199C01026
ADVENZYMES,NSE_EQ|INE837H01020
AEGISLOG,NSE_EQ|INE208C01025
AEROFLEX,NSE_EQ|INE024001021
AETHER,NSE_EQ|INE0BWX01014
AFCONS,NSE_EQ|INE101I01011
AFFLE,NSE_EQ|INE00WC01027
AFFORDABLE,NSE_EQ|INE692Z01013
AFIL,NSE_EQ|INE916Y01019
AGARIND,NSE_EQ|INE204E01012
AGI,NSE_EQ|INE415A01038
AGIIL,NSE_EQ|INE976R01017
AGRITECH,NSE_EQ|INE449G01018
AGROPHOS,NSE_EQ|INE740V01019
AHLADA,NSE_EQ|INE00PV01013
AHLEAST,NSE_EQ|INE926K01017
AHLUCONT,NSE_EQ|INE758C01029
AIAENG,NSE_EQ|INE212H01026
AIIL,NSE_EQ|INE206F01022
AIRAN,NSE_EQ|INE645W01026
AIROLAM,NSE_EQ|INE801L01010
AJANTPHARM,NSE_EQ|INE031B01049
AJMERA,NSE_EQ|INE298G01027
AJOONI,NSE_EQ|INE820Y01021
AKASH,NSE_EQ|INE737W01013
AKG,NSE_EQ|INE00Y801016
AKSHARCHEM,NSE_EQ|INE542B01011
AKUMS,NSE_EQ|INE09XN01023
AKZOINDIA,NSE_EQ|INE133A01011
ALANKIT,NSE_EQ|INE914E01040
ALBERTDAVD,NSE_EQ|INE155C01010
ALEMBICLTD,NSE_EQ|INE426A01027
ALICON,NSE_EQ|INE062D01024
ALKALI,NSE_EQ|INE773I01017
ALKEM,NSE_EQ|INE540L01014
ALKYLAMINE,NSE_EQ|INE150B01039
ALLCARGO,NSE_EQ|INE418H01029
ALLDIGI,NSE_EQ|INE835G01018
ALOKINDS,NSE_EQ|INE270A01029
ALPA,NSE_EQ|INE385I01010
ALPHAGEO,NSE_EQ|INE137C01018
AMBER,NSE_EQ|INE371P01015
AMBICAAGAR,NSE_EQ|INE792B01012
AMBIKCO,NSE_EQ|INE540G01014
AMBUJACEM,NSE_EQ|INE079A01024
AMDIND,NSE_EQ|INE005I01014
AMIORG,NSE_EQ|INE00FF01017
AMJLAND,NSE_EQ|INE606A01024
AMNPLST,NSE_EQ|INE275D01022
AMRUTANJAN,NSE_EQ|INE098F01031
ANANDRATHI,NSE_EQ|INE463V01026
ANANTRAJ,NSE_EQ|INE242C01024
ANDHRAPAP,NSE_EQ|INE435A01051
ANDHRSUGAR,NSE_EQ|INE715B01021
ANGELONE,NSE_EQ|INE732I01013
ANIKINDS,NSE_EQ|INE087B01017
ANMOL,NSE_EQ|INE02AR01019
ANTGRAPHIC,NSE_EQ|INE414B01021
ANUHPHR,NSE_EQ|INE489G01022
ANUP,NSE_EQ|INE294Z01018
ANURAS,NSE_EQ|INE930P01018
APARINDS,NSE_EQ|INE372A01015
APCL,NSE_EQ|INE071F01012
APCOTEXIND,NSE_EQ|INE116A01032
APEX,NSE_EQ|INE346W01013
APLAPOLLO,NSE_EQ|INE702C01027
APLLTD,NSE_EQ|INE901L01018
APOLLO,NSE_EQ|INE713T01028
APOLLOHOSP,NSE_EQ|INE437A01024
APOLLOPIPE,NSE_EQ|INE126J01016
APOLLOTYRE,NSE_EQ|INE438A01022
APOLSINHOT,NSE_EQ|INE451F01024
APTECHT,NSE_EQ|INE266F01018
APTUS,NSE_EQ|INE852O01025
ARCHIDPLY,NSE_EQ|INE877I01016
ARCHIES,NSE_EQ|INE731A01020
ARE&M,NSE_EQ|INE885A01032
ARIHANTCAP,NSE_EQ|INE420B01036
ARIHANTSUP,NSE_EQ|INE643K01018
ARKADE,NSE_EQ|INE0QRL01017
ARMANFIN,NSE_EQ|INE109C01017
AROGRANITE,NSE_EQ|INE210C01013
ARROWGREEN,NSE_EQ|INE570D01018
ARTEMISMED,NSE_EQ|INE025R01021
ARVEE,NSE_EQ|INE006Z01016
ARVIND,NSE_EQ|INE034A01011
ARVINDFASN,NSE_EQ|INE955V01021
ARVSMART,NSE_EQ|INE034S01021
ASAHIINDIA,NSE_EQ|INE439A01020
ASAHISONG,NSE_EQ|INE228I01012
ASAL,NSE_EQ|INE900C01027
ASALCBR,NSE_EQ|INE073G01016
ASHAPURMIN,NSE_EQ|INE348A01023
ASHIANA,NSE_EQ|INE365D01021
ASHIMASYN,NSE_EQ|INE440A01010
ASHOKA,NSE_EQ|INE442H01029
ASHOKAMET,NSE_EQ|INE760Y01011
ASHOKLEY,NSE_EQ|INE208A01029
ASIANENE,NSE_EQ|INE276G01015
ASIANPAINT,NSE_EQ|INE021A01026
ASIANTILES,NSE_EQ|INE022I01019
ASKAUTOLTD,NSE_EQ|INE491J01022
ASMS,NSE_EQ|INE855F01042
ASPINWALL,NSE_EQ|INE991I01015
ASTEC,NSE_EQ|INE563J01010
ASTERDM,NSE_EQ|INE914M01019
ASTRAL,NSE_EQ|INE006I01046
ASTRAMICRO,NSE_EQ|INE386C01029
ASTRAZEN,NSE_EQ|INE203A01020
ASTRON,NSE_EQ|INE646X01014
ATAM,NSE_EQ|INE09KD01013
ATFL,NSE_EQ|INE209A01019
ATGL,NSE_EQ|INE399L01023
ATL,NSE_EQ|INE0NN701020
ATUL,NSE_EQ|INE100A01010
ATULAUTO,NSE_EQ|INE951D01028
AUBANK,NSE_EQ|INE949L01017
AURIONPRO,NSE_EQ|INE132H01018
AUROPHARMA,NSE_EQ|INE406A01037
AURUM,NSE_EQ|INE898S01029
AUTOAXLES,NSE_EQ|INE449A01011
AUTOIND,NSE_EQ|INE718H01014
AVADHSUGAR,NSE_EQ|INE349W01017
AVALON,NSE_EQ|INE0LCL01028
AVANTEL,NSE_EQ|INE005B01027
AVANTIFEED,NSE_EQ|INE871C01038
AVL,NSE_EQ|INE679V01027
AVTNPL,NSE_EQ|INE488D01021
AWFIS,NSE_EQ|INE108V01019
AWHCL,NSE_EQ|INE01BK01022
AWL,NSE_EQ|INE699H01024
AXISBANK,NSE_EQ|INE238A01034
AXITA,NSE_EQ|INE02EZ01022
AYMSYNTEX,NSE_EQ|INE193B01039
AZAD,NSE_EQ|INE02IJ01035
BAIDFIN,NSE_EQ|INE020D01022
BAJAJ-AUTO,NSE_EQ|INE917I01010
BAJAJCON,NSE_EQ|INE933K01021
BAJAJELEC,NSE_EQ|INE193E01025
BAJAJFINSV,NSE_EQ|INE918I01026
BAJAJHCARE,NSE_EQ|INE411U01027
BAJAJHFL,NSE_EQ|INE377Y01014
BAJAJHIND,NSE_EQ|INE306A01021
BAJAJHLDNG,NSE_EQ|INE118A01012
BAJEL,NSE_EQ|INE0KQN01018
BAJFINANCE,NSE_EQ|INE296A01024
BALAJEE,NSE_EQ|INE0S2G01011
BALAMINES,NSE_EQ|INE050E01027
BALAXI,NSE_EQ|INE618N01022
BALKRISHNA,NSE_EQ|INE875R01011
BALKRISIND,NSE_EQ|INE787D01026
BALMLAWRIE,NSE_EQ|INE164A01016
BALPHARMA,NSE_EQ|INE083D01012
BALRAMCHIN,NSE_EQ|INE119A01028
BALUFORGE,NSE_EQ|INE011E01029
BANARISUG,NSE_EQ|INE459A01010
BANCOINDIA,NSE_EQ|INE213C01025
BANDHANBNK,NSE_EQ|INE545U01014
BANKA,NSE_EQ|INE862Y01015
BANKBARODA,NSE_EQ|INE028A01039
BANKINDIA,NSE_EQ|INE084A01016
BANSALWIRE,NSE_EQ|INE0B9K01025
BANSWRAS,NSE_EQ|INE629D01020
BARBEQUE,NSE_EQ|INE382M01027
BASF,NSE_EQ|INE373A01013
BASML,NSE_EQ|INE186H01022
BATAINDIA,NSE_EQ|INE176A01028
BAYERCROP,NSE_EQ|INE462A01022
BBL,NSE_EQ|INE464A01036
BBOX,NSE_EQ|INE676A01027
BBTC,NSE_EQ|INE050A01025
BBTCL,NSE_EQ|INE01EE01011
BCLIND,NSE_EQ|INE412G01024
BCONCEPTS,NSE_EQ|INE977Y01011
BDL,NSE_EQ|INE171Z01026
BEARDSELL,NSE_EQ|INE520H01022
BECTORFOOD,NSE_EQ|INE495P01012
BEDMUTHA,NSE_EQ|INE844K01012
BEL,NSE_EQ|INE263A01024
BEML,NSE_EQ|INE258A01016
BEPL,NSE_EQ|INE922A01025
BERGEPAINT,NSE_EQ|INE463A01038
BESTAGRO,NSE_EQ|INE052T01013
BFINVEST,NSE_EQ|INE878K01010
BFUTILITIE,NSE_EQ|INE243D01012
BHAGCHEM,NSE_EQ|INE414D01027
BHAGERIA,NSE_EQ|INE354C01027
BHAGYANGR,NSE_EQ|INE458B01036
BHANDARI,NSE_EQ|INE474E01029
BHARATFORG,NSE_EQ|INE465A01025
BHARATGEAR,NSE_EQ|INE561C01019
BHARATRAS,NSE_EQ|INE838B01013
BHARATWIRE,NSE_EQ|INE316L01019
BHARTIARTL,NSE_EQ|INE397D01024
BHARTIHEXA,NSE_EQ|INE343G01021
BHEL,NSE_EQ|INE257A01026
BIGBLOC,NSE_EQ|INE412U01025
BIKAJI,NSE_EQ|INE00E101023
BINANIIND,NSE_EQ|INE071A01013
BIOCON,NSE_EQ|INE376G01013
BIOFILCHEM,NSE_EQ|INE829A01014
BIRLACABLE,NSE_EQ|INE800A01015
BIRLACORPN,NSE_EQ|INE340A01012
BLACKBUCK,NSE_EQ|INE0UIZ01018
BLAL,NSE_EQ|INE0N7W01012
BLBLIMITED,NSE_EQ|INE791A01024
BLISSGVS,NSE_EQ|INE416D01022
BLKASHYAP,NSE_EQ|INE350H01032
BLS,NSE_EQ|INE153T01027
BLSE,NSE_EQ|INE0NLT01010
BLUEDART,NSE_EQ|INE233B01017
BLUEJET,NSE_EQ|INE0KBH01020
BLUESTARCO,NSE_EQ|INE472A01039
BODALCHEM,NSE_EQ|INE338D01028
BOMDYEING,NSE_EQ|INE032A01023
BOROLTD,NSE_EQ|INE02PY01013
BOROSCI,NSE_EQ|INE02L001032
BOSCHLTD,NSE_EQ|INE323A01026
BPCL,NSE_EQ|INE029A01011
BPL,NSE_EQ|INE110A01019
BRIGADE,NSE_EQ|INE791I01019
BRITANNIA,NSE_EQ|INE216A01030
BRNL,NSE_EQ|INE727S01012
BSE,NSE_EQ|INE118H01025
BSHSL,NSE_EQ|INE032Z01020
BSL,NSE_EQ|INE594B01012
BSOFT,NSE_EQ|INE836A01035
BUTTERFLY,NSE_EQ|INE295F01017
BVCL,NSE_EQ|INE139I01011
CAMLINFINE,NSE_EQ|INE052I01032
CAMPUS,NSE_EQ|INE278Y01022
CAMS,NSE_EQ|INE596I01012
CANBK,NSE_EQ|INE476A01022
CANFINHOME,NSE_EQ|INE477A01020
CANTABIL,NSE_EQ|INE068L01024
CAPACITE,NSE_EQ|INE264T01014
CAPITALSFB,NSE_EQ|INE646H01017
CAPLIPOINT,NSE_EQ|INE475E01026
CARBORUNIV,NSE_EQ|INE120A01034
CAREERP,NSE_EQ|INE521J01018
CARERATING,NSE_EQ|INE752H01013
CARRARO,NSE_EQ|INE0V7W01012
CARTRADE,NSE_EQ|INE290S01011
CARYSIL,NSE_EQ|INE482D01024
CASTROLIND,NSE_EQ|INE172A01027
CCHHL,NSE_EQ|INE652F01027
CCL,NSE_EQ|INE421D01022
CDSL,NSE_EQ|INE736A01011
CEATLTD,NSE_EQ|INE482A01020
CEIGALL,NSE_EQ|INE0AG901020
CELEBRITY,NSE_EQ|INE185H01016
CELLO,NSE_EQ|INE0LMW01024
CENTENKA,NSE_EQ|INE485A01015
CENTEXT,NSE_EQ|INE281A01026
CENTRALBK,NSE_EQ|INE483A01010
CENTRUM,NSE_EQ|INE660C01027
CENTUM,NSE_EQ|INE320B01020
CENTURYPLY,NSE_EQ|INE348B01021
CERA,NSE_EQ|INE739E01017
CESC,NSE_EQ|INE486A01021
CEWATER,NSE_EQ|INE037Z01029
CGCL,NSE_EQ|INE180C01042
CGPOWER,NSE_EQ|INE067A01029
CHALET,NSE_EQ|INE427F01016
CHAMBLFERT,NSE_EQ|INE085A01013
CHEMBOND,NSE_EQ|INE995D01025
CHEMCON,NSE_EQ|INE03YM01018
CHEMFAB,NSE_EQ|INE783X01023
CHEMPLASTS,NSE_EQ|INE488A01050
CHENNPETRO,NSE_EQ|INE178A01016
CHEVIOT,NSE_EQ|INE974B01016
CHOICEIN,NSE_EQ|INE102B01014
CHOLAFIN,NSE_EQ|INE121A01024
CHOLAHLDNG,NSE_EQ|INE149A01033
CIEINDIA,NSE_EQ|INE536H01010
CIGNITITEC,NSE_EQ|INE675C01017
CINEVISTA,NSE_EQ|INE039B01026
CIPLA,NSE_EQ|INE059A01026
CLEAN,NSE_EQ|INE227W01023
CLEDUCATE,NSE_EQ|INE201M01029
CLSEL,NSE_EQ|INE419D01026
CMSINFO,NSE_EQ|INE925R01014
COALINDIA,NSE_EQ|INE522F01014
COASTCORP,NSE_EQ|INE377E01016
COCHINSHIP,NSE_EQ|INE704P01025
COFORGE,NSE_EQ|INE591G01017
COLPAL,NSE_EQ|INE259A01022
COMPUSOFT,NSE_EQ|INE453B01029
CONCOR,NSE_EQ|INE111A01025
CONCORDBIO,NSE_EQ|INE338H01029
CONFIPET,NSE_EQ|INE552D01024
CONSOFINVT,NSE_EQ|INE025A01027
CONTROLPR,NSE_EQ|INE663B01015
CORALFINAC,NSE_EQ|INE558D01021
CORDSCABLE,NSE_EQ|INE792I01017
COROMANDEL,NSE_EQ|INE169A01031
COSMOFIRST,NSE_EQ|INE757A01017
COUNCODOS,NSE_EQ|INE695B01025
CRAFTSMAN,NSE_EQ|INE00LO01017
CREATIVE,NSE_EQ|INE985W01018
CREDITACC,NSE_EQ|INE741K01010
CREST,NSE_EQ|INE559D01011
CRISIL,NSE_EQ|INE007A01025
CROMPTON,NSE_EQ|INE299U01018
CROWN,NSE_EQ|INE491V01019
CSBBANK,NSE_EQ|INE679A01013
CSLFINANCE,NSE_EQ|INE718F01018
CTE,NSE_EQ|INE627H01017
CUB,NSE_EQ|INE491A01021
CUMMINSIND,NSE_EQ|INE298A01020
CUPID,NSE_EQ|INE509F01029
CYBERMEDIA,NSE_EQ|INE278G01037
CYBERTECH,NSE_EQ|INE214A01019
CYIENT,NSE_EQ|INE136B01020
CYIENTDLM,NSE_EQ|INE055S01018
DABUR,NSE_EQ|INE016A01026
DALBHARAT,NSE_EQ|INE00R701025
DALMIASUG,NSE_EQ|INE495A01022
DAMCAPITAL,NSE_EQ|INE284H01025
DAMODARIND,NSE_EQ|INE497D01022
DANGEE,NSE_EQ|INE688Y01022
DATAMATICS,NSE_EQ|INE365B01017
DATAPATTNS,NSE_EQ|INE0IX101010
DAVANGERE,NSE_EQ|INE179G01029
DBCORP,NSE_EQ|INE950I01011
DBEIL,NSE_EQ|INE0OPA01019
DBL,NSE_EQ|INE917M01012
DBOL,NSE_EQ|INE0I3401014
DBREALTY,NSE_EQ|INE879I01012
DBSTOCKBRO,NSE_EQ|INE921B01025
DCAL,NSE_EQ|INE385W01011
DCBBANK,NSE_EQ|INE503A01015
DCI,NSE_EQ|INE0A1101019
DCM,NSE_EQ|INE498A01018
DCMNVL,NSE_EQ|INE08KP01019
DCMSHRIRAM,NSE_EQ|INE499A01024
DCMSRIND,NSE_EQ|INE843D01027
DCW,NSE_EQ|INE500A01029
DCXINDIA,NSE_EQ|INE0KL801015
DECCANCE,NSE_EQ|INE583C01021
DEEDEV,NSE_EQ|INE841L01016
DEEPAKFERT,NSE_EQ|INE501A01019
DEEPAKNTR,NSE_EQ|INE288B01029
DEEPINDS,NSE_EQ|INE0FHS01024
DELHIVERY,NSE_EQ|INE148O01028
DELTACORP,NSE_EQ|INE124G01033
DELTAMAGNT,NSE_EQ|INE393A01011
DEN,NSE_EQ|INE947J01015
DENORA,NSE_EQ|INE244A01016
DEVIT,NSE_EQ|INE060X01026
DEVYANI,NSE_EQ|INE872J01023
DHAMPURSUG,NSE_EQ|INE041A01016
DHANI,NSE_EQ|INE274G01010
DHANUKA,NSE_EQ|INE435G01025
DHARMAJ,NSE_EQ|INE00OQ01016
DHRUV,NSE_EQ|INE506Z01015
DHUNINV,NSE_EQ|INE320L01011
DIAMINESQ,NSE_EQ|INE591D01014
DIAMONDYD,NSE_EQ|INE393P01035
DICIND,NSE_EQ|INE303A01010
DIFFNKG,NSE_EQ|INE184O01015
DIGIDRIVE,NSE_EQ|INE0PSC01024
DIGISPICE,NSE_EQ|INE927C01020
DISHTV,NSE_EQ|INE836F01026
DIVGIITTS,NSE_EQ|INE753U01022
DIVISLAB,NSE_EQ|INE361B01024
DIXON,NSE_EQ|INE935N01020
DLF,NSE_EQ|INE271C01023
DLINKINDIA,NSE_EQ|INE250K01012
DMART,NSE_EQ|INE192R01011
DNAMEDIA,NSE_EQ|INE016M01021
DODLA,NSE_EQ|INE021O01019
DOLATALGO,NSE_EQ|INE966A01022
DOLLAR,NSE_EQ|INE325C01035
DOLPHIN,NSE_EQ|INE920A01037
DOMS,NSE_EQ|INE321T01012
DONEAR,NSE_EQ|INE668D01028
DPABHUSHAN,NSE_EQ|INE266Y01019
DPSCLTD,NSE_EQ|INE360C01024
DPWIRES,NSE_EQ|INE864X01013
DRCSYSTEMS,NSE_EQ|INE03RS01027
DREAMFOLKS,NSE_EQ|INE0JS101016
DREDGECORP,NSE_EQ|INE506A01018
DRREDDY,NSE_EQ|INE089A01031
DSSL,NSE_EQ|INE417B01040
DTIL,NSE_EQ|INE341R01014
DUCON,NSE_EQ|INE741L01018
DVL,NSE_EQ|INE477B01010
DWARKESH,NSE_EQ|INE366A01041
DYCL,NSE_EQ|INE600Y01019
DYNAMATECH,NSE_EQ|INE221B01012
DYNPRO,NSE_EQ|INE256H01015
EASEMYTRIP,NSE_EQ|INE07O001026
ECLERX,NSE_EQ|INE738I01010
ECOSMOBLTY,NSE_EQ|INE06HJ01020
EDELWEISS,NSE_EQ|INE532F01054
EICHERMOT,NSE_EQ|INE066A01021
EIDPARRY,NSE_EQ|INE126A01031
EIEL,NSE_EQ|INE0LLY01014
EIFFL,NSE_EQ|INE546V01010
EIHAHOTELS,NSE_EQ|INE276C01014
EIHOTEL,NSE_EQ|INE230A01023
EIMCOELECO,NSE_EQ|INE158B01016
EKC,NSE_EQ|INE184H01027
ELDEHSG,NSE_EQ|INE668G01021
ELECON,NSE_EQ|INE205B01031
ELECTCAST,NSE_EQ|INE086A13016
ELGIEQUIP,NSE_EQ|INE285A01027
ELIN,NSE_EQ|INE050401020
EMAMILTD,NSE_EQ|INE548C01032
EMAMIPAP,NSE_EQ|INE830C01026
EMBDL,NSE_EQ|INE069I01010
EMCURE,NSE_EQ|INE168P01015
EMIL,NSE_EQ|INE02YR01019
EMMBI,NSE_EQ|INE753K01015
EMSLIMITED,NSE_EQ|INE0OV601013
EMUDHRA,NSE_EQ|INE01QM01018
ENDURANCE,NSE_EQ|INE913H01037
ENGINERSIN,NSE_EQ|INE510A01028
ENIL,NSE_EQ|INE265F01028
ENTERO,NSE_EQ|INE010601016
EPACK,NSE_EQ|INE0G5901015
EPIGRAL,NSE_EQ|INE071N01016
EPL,NSE_EQ|INE255A01020
EQUITASBNK,NSE_EQ|INE063P01018
ERIS,NSE_EQ|INE406M01024
ESABINDIA,NSE_EQ|INE284A01012
ESAFSFB,NSE_EQ|INE818W01011
ESCORTS,NSE_EQ|INE042A01014
ESSENTIA,NSE_EQ|INE418N01035
ESTER,NSE_EQ|INE778B01029
ETHOSLTD,NSE_EQ|INE04TZ01018
EUREKAFORB,NSE_EQ|INE0KCE01017
EVEREADY,NSE_EQ|INE128A01029
EXCELINDUS,NSE_EQ|INE369A01029
EXICOM,NSE_EQ|INE777F01014
EXIDEIND,NSE_EQ|INE302A01020
EXPLEOSOL,NSE_EQ|INE201K01015
EXXARO,NSE_EQ|INE0GFE01026
FACT,NSE_EQ|INE188A01015
FAIRCHEMOR,NSE_EQ|INE0DNW01011
FAZE3Q,NSE_EQ|INE963C01033
FCL,NSE_EQ|INE045J01026
FCSSOFT,NSE_EQ|INE512B01022
FDC,NSE_EQ|INE258B01022
FEDERALBNK,NSE_EQ|INE171A01029
FEDFINA,NSE_EQ|INE007N01010
FIBERWEB,NSE_EQ|INE296C01020
FIEMIND,NSE_EQ|INE737H01014
FILATEX,NSE_EQ|INE816B01035
FINCABLES,NSE_EQ|INE235A01022
FINEORG,NSE_EQ|INE686Y01026
FINOPB,NSE_EQ|INE02NC01014
FINPIPE,NSE_EQ|INE183A01024
FIRSTCRY,NSE_EQ|INE02RE01045
FIVESTAR,NSE_EQ|INE128S01021
FLAIR,NSE_EQ|INE00Y201027
FLUOROCHEM,NSE_EQ|INE09N301011
FMGOETZE,NSE_EQ|INE529A01010
FOCUS,NSE_EQ|INE593W01028
FOODSIN,NSE_EQ|INE976E01023
FORCEMOT,NSE_EQ|INE451A01017
FORTIS,NSE_EQ|INE061F01013
FOSECOIND,NSE_EQ|INE519A01011
FSL,NSE_EQ|INE684F01012
FUSION,NSE_EQ|INE139R01012
GABRIEL,NSE_EQ|INE524A01029
GAEL,NSE_EQ|INE036B01030
GAIL,NSE_EQ|INE129A01019
GALAPREC,NSE_EQ|INE0RE001014
GALAXYSURF,NSE_EQ|INE600K01018
GALLANTT,NSE_EQ|INE297H01019
GANDHAR,NSE_EQ|INE717W01049
GANDHITUBE,NSE_EQ|INE524B01027
GANECOS,NSE_EQ|INE845D01014
GANESHBE,NSE_EQ|INE388A01029
GANESHHOUC,NSE_EQ|INE460C01014
GANGAFORGE,NSE_EQ|INE691Z01023
GANGESSECU,NSE_EQ|INE335W01016
GARFIBRES,NSE_EQ|INE276A01018
GARUDA,NSE_EQ|INE0JVO01026
GATEWAY,NSE_EQ|INE079J01017
GEECEE,NSE_EQ|INE916G01016
GEEKAYWIRE,NSE_EQ|INE669X01024
GENCON,NSE_EQ|INE854S01022
GENESYS,NSE_EQ|INE727B01026
GENSOL,NSE_EQ|INE06H201014
GENUSPAPER,NSE_EQ|INE949P01018
GENUSPOWER,NSE_EQ|INE955D01029
GEOJITFSL,NSE_EQ|INE007B01023
GEPIL,NSE_EQ|INE878A01011
GESHIP,NSE_EQ|INE017A01032
GFLLIMITED,NSE_EQ|INE538A01037
GHCL,NSE_EQ|INE539A01019
GHCLTEXTIL,NSE_EQ|INE0PA801013
GICHSGFIN,NSE_EQ|INE289B01019
GICRE,NSE_EQ|INE481Y01014
GILLETTE,NSE_EQ|INE322A01010
GINNIFILA,NSE_EQ|INE424C01010
GIPCL,NSE_EQ|INE162A01010
GKWLIMITED,NSE_EQ|INE528A01020
GLAND,NSE_EQ|INE068V01023
GLAXO,NSE_EQ|INE159A01016
GLENMARK,NSE_EQ|INE935A01035
GLOBAL,NSE_EQ|INE291W01037
GLOBE,NSE_EQ|INE581X01021
GLOBUSSPR,NSE_EQ|INE615I01010
GLOSTERLTD,NSE_EQ|INE350Z01018
GMBREW,NSE_EQ|INE075D01018
GMDCLTD,NSE_EQ|INE131A01031
GMMPFAUDLR,NSE_EQ|INE541A01023
GMRAIRPORT,NSE_EQ|INE776C01039
GMRP&UI,NSE_EQ|INE0CU601026
GNA,NSE_EQ|INE934S01014
GNFC,NSE_EQ|INE113A01013
GOACARBON,NSE_EQ|INE426D01013
GOCLCORP,NSE_EQ|INE077F01035
GOCOLORS,NSE_EQ|INE0BJS01011
GODAVARIB,NSE_EQ|INE497S01012
GODFRYPHLP,NSE_EQ|INE260B01028
GODIGIT,NSE_EQ|INE03JT01014
GODREJAGRO,NSE_EQ|INE850D01014
GODREJCP,NSE_EQ|INE102D01028
GODREJIND,NSE_EQ|INE233A01035
GODREJPROP,NSE_EQ|INE484J01027
GOKEX,NSE_EQ|INE887G01027
GOKULAGRO,NSE_EQ|INE314T01025
GOLDIAM,NSE_EQ|INE025B01025
GOODLUCK,NSE_EQ|INE127I01024
GOPAL,NSE_EQ|INE0L9R01028
GOYALALUM,NSE_EQ|INE705X01026
GPIL,NSE_EQ|INE177H01039
GPPL,NSE_EQ|INE517F01014
GPTHEALTH,NSE_EQ|INE486R01017
GPTINFRA,NSE_EQ|INE390G01014
GRANULES,NSE_EQ|INE101D01020
GRAPHITE,NSE_EQ|INE371A01025
GRASIM,NSE_EQ|INE047A01021
GRAVITA,NSE_EQ|INE024L01027
GREAVESCOT,NSE_EQ|INE224A01026
GREENLAM,NSE_EQ|INE544R01021
GREENPANEL,NSE_EQ|INE08ZM01014
GREENPLY,NSE_EQ|INE461C01038
GREENPOWER,NSE_EQ|INE999K01014
GRINDWELL,NSE_EQ|INE536A01023
GRINFRA,NSE_EQ|INE201P01022
GRMOVER,NSE_EQ|INE192H01020
GROBTEA,NSE_EQ|INE646C01018
GRPLTD,NSE_EQ|INE137I01015
GRSE,NSE_EQ|INE382Z01011
GRWRHITECH,NSE_EQ|INE291A01017
GSFC,NSE_EQ|INE026A01025
GSLSU,NSE_EQ|INE0JSX01015
GSPL,NSE_EQ|INE246F01010
GSS,NSE_EQ|INE871H01011
GTL,NSE_EQ|INE043A01012
GTLINFRA,NSE_EQ|INE221H01019
GTPL,NSE_EQ|INE869I01013
GUFICBIO,NSE_EQ|INE742B01025
GUJALKALI,NSE_EQ|INE186A01019
GUJAPOLLO,NSE_EQ|INE826C01016
GUJGASLTD,NSE_EQ|INE844O01030
GULFOILLUB,NSE_EQ|INE635Q01029
GULFPETRO,NSE_EQ|INE586G01017
GULPOLY,NSE_EQ|INE255D01024
GVPTECH,NSE_EQ|INE382T01030
GVT&D,NSE_EQ|INE200A01026
HAL,NSE_EQ|INE066F01020
HAPPSTMNDS,NSE_EQ|INE419U01012
HAPPYFORGE,NSE_EQ|INE330T01021
HARIOMPIPE,NSE_EQ|INE00EV01017
HARRMALAYA,NSE_EQ|INE544A01019
HARSHA,NSE_EQ|INE0JUS01029
HATHWAY,NSE_EQ|INE982F01036
HATSUN,NSE_EQ|INE473B01035
HAVELLS,NSE_EQ|INE176B01034
HAVISHA,NSE_EQ|INE293B01029
HBLENGINE,NSE_EQ|INE292B01021
HBSL,NSE_EQ|INE550B01022
HCC,NSE_EQ|INE549A01026
HCG,NSE_EQ|INE075I01017
HCL-INSYS,NSE_EQ|INE236A01020
HCLTECH,NSE_EQ|INE860A01027
HDFCAMC,NSE_EQ|INE127D01025
HDFCBANK,NSE_EQ|INE040A01034
HDFCLIFE,NSE_EQ|INE795G01014
HEADSUP,NSE_EQ|INE759V01019
HEG,NSE_EQ|INE545A01024
HEIDELBERG,NSE_EQ|INE578A01017
HEMIPROP,NSE_EQ|INE0AJG01018
HERANBA,NSE_EQ|INE694N01015
HERITGFOOD,NSE_EQ|INE978A01027
HEROMOTOCO,NSE_EQ|INE158A01026
HESTERBIO,NSE_EQ|INE782E01017
HEUBACHIND,NSE_EQ|INE492A01029
HEXATRADEX,NSE_EQ|INE750M01017
HFCL,NSE_EQ|INE548A01028
HGINFRA,NSE_EQ|INE926X01010
HGS,NSE_EQ|INE170I01016
HIKAL,NSE_EQ|INE475B01022
HIL,NSE_EQ|INE557A01011
HILTON,NSE_EQ|INE788H01017
HIMATSEIDE,NSE_EQ|INE049A01027
HINDALCO,NSE_EQ|INE038A01020
HINDCOMPOS,NSE_EQ|INE310C01029
HINDCOPPER,NSE_EQ|INE531E01026
HINDMOTORS,NSE_EQ|INE253A01025
HINDOILEXP,NSE_EQ|INE345A01011
HINDPETRO,NSE_EQ|INE094A01015
HINDUNILVR,NSE_EQ|INE030A01027
HINDWAREAP,NSE_EQ|INE05AN01011
HINDZINC,NSE_EQ|INE267A01025
HIRECT,NSE_EQ|INE835D01023
HISARMETAL,NSE_EQ|INE598C01011
HITECH,NSE_EQ|INE106T01025
HITECHCORP,NSE_EQ|INE120D01012
HLEGLAS,NSE_EQ|INE461D01028
HLVLTD,NSE_EQ|INE102A01024
HMAAGRO,NSE_EQ|INE0ECP01024
HMVL,NSE_EQ|INE871K01015
HNDFDS,NSE_EQ|INE254N01026
HOMEFIRST,NSE_EQ|INE481N01025
HONASA,NSE_EQ|INE0J5401028
HONAUT,NSE_EQ|INE671A01010
HONDAPOWER,NSE_EQ|INE634A01018
HOVS,NSE_EQ|INE596H01014
HPAL,NSE_EQ|INE0GSL01024
HPIL,NSE_EQ|INE05X901010
HPL,NSE_EQ|INE495S01016
HSCL,NSE_EQ|INE019C01026
HTMEDIA,NSE_EQ|INE501G01024
HUBTOWN,NSE_EQ|INE703H01016
HUDCO,NSE_EQ|INE031A01017
HUHTAMAKI,NSE_EQ|INE275B01026
HYUNDAI,NSE_EQ|INE0V6F01027
ICEMAKE,NSE_EQ|INE520Y01019
ICICIBANK,NSE_EQ|INE090A01021
ICICIGI,NSE_EQ|INE765G01017
ICICIPRULI,NSE_EQ|INE726G01019
ICIL,NSE_EQ|INE483B01026
ICRA,NSE_EQ|INE725G01011
IDBI,NSE_EQ|INE008A01015
IDEA,NSE_EQ|INE669E01016
IDEAFORGE,NSE_EQ|INE349Y01013
IDFCFIRSTB,NSE_EQ|INE092T01019
IEX,NSE_EQ|INE022Q01020
IFBAGRO,NSE_EQ|INE076C01018
IFBIND,NSE_EQ|INE559A01017
IFCI,NSE_EQ|INE039A01010
IFGLEXPOR,NSE_EQ|INE133Y01011
IGARASHI,NSE_EQ|INE188B01013
IGIL,NSE_EQ|INE0Q9301021
IGL,NSE_EQ|INE203G01027
IGPL,NSE_EQ|INE204A01010
IIFL,NSE_EQ|INE530B01024
IIFLCAPS,NSE_EQ|INE489L01022
IKIO,NSE_EQ|INE0LOJ01019
IKS,NSE_EQ|INE115Q01022
IMAGICAA,NSE_EQ|INE172N01012
IMFA,NSE_EQ|INE919H01018
IMPAL,NSE_EQ|INE547E01014
INCREDIBLE,NSE_EQ|INE452L01012
INDBANK,NSE_EQ|INE841B01017
INDGN,NSE_EQ|INE065X01017
INDHOTEL,NSE_EQ|INE053A01029
INDIACEM,NSE_EQ|INE383A01012
INDIAGLYCO,NSE_EQ|INE560A01015
INDIAMART,NSE_EQ|INE933S01016
INDIANB,NSE_EQ|INE562A01011
INDIANHUME,NSE_EQ|INE323C01030
INDIASHLTR,NSE_EQ|INE922K01024
INDIGO,NSE_EQ|INE646L01027
INDIGOPNTS,NSE_EQ|INE09VQ01012
INDNIPPON,NSE_EQ|INE092B01025
INDOAMIN,NSE_EQ|INE760F01028
INDOBORAX,NSE_EQ|INE803D01021
INDOCO,NSE_EQ|INE873D01024
INDORAMA,NSE_EQ|INE156A01020
INDOSTAR,NSE_EQ|INE896L01010
INDOWIND,NSE_EQ|INE227G01018
INDRAMEDCO,NSE_EQ|INE681B01017
INDTERRAIN,NSE_EQ|INE611L01021
INDUSINDBK,NSE_EQ|INE095A01012
INDUSTOWER,NSE_EQ|INE121J01017
INFIBEAM,NSE_EQ|INE483S01020
INFOBEAN,NSE_EQ|INE344S01016
INFOMEDIA,NSE_EQ|INE669A01022
INFY,NSE_EQ|INE009A01021
INGERRAND,NSE_EQ|INE177A01018
INNOVACAP,NSE_EQ|INE0DUT01020
INNOVANA,NSE_EQ|INE403Y01018
INOXGREEN,NSE_EQ|INE510W01014
INOXINDIA,NSE_EQ|INE616N01034
INOXWIND,NSE_EQ|INE066P01011
INSECTICID,NSE_EQ|INE070I01018
INSPIRISYS,NSE_EQ|INE020G01017
INTELLECT,NSE_EQ|INE306R01017
INTENTECH,NSE_EQ|INE781A01025
INTERARCH,NSE_EQ|INE00M901018
INTLCONV,NSE_EQ|INE575C01027
INVENTURE,NSE_EQ|INE878H01024
IOB,NSE_EQ|INE565A01014
IOC,NSE_EQ|INE242A01010
IOLCP,NSE_EQ|INE485C01011
IONEXCHANG,NSE_EQ|INE570A01022
IPCALAB,NSE_EQ|INE571A01038
IPL,NSE_EQ|INE0D6701023
IRB,NSE_EQ|INE821I01022
IRCON,NSE_EQ|INE962Y01021
IRCTC,NSE_EQ|INE335Y01020
IREDA,NSE_EQ|INE202E01016
IRFC,NSE_EQ|INE053F01010
IRISDOREME,NSE_EQ|INE01GN01025
IRMENERGY,NSE_EQ|INE07U701015
ISEC,NSE_EQ|INE763G01038
ISFT,NSE_EQ|INE566K01011
ISGEC,NSE_EQ|INE858B01029
ITC,NSE_EQ|INE154A01025
ITDC,NSE_EQ|INE353K01014
ITDCEM,NSE_EQ|INE686A01026
IVC,NSE_EQ|INE050B01023
IVP,NSE_EQ|INE043C01018
IWEL,NSE_EQ|INE0FLR01028
IXIGO,NSE_EQ|INE0HV901016
J&KBANK,NSE_EQ|INE168A01041
JAGRAN,NSE_EQ|INE199G01027
JAGSNPHARM,NSE_EQ|INE048B01027
JAIBALAJI,NSE_EQ|INE091G01018
JAICORPLTD,NSE_EQ|INE070D01027
JAIPURKURT,NSE_EQ|INE696V01013
JAMNAAUTO,NSE_EQ|INE039C01032
JASH,NSE_EQ|INE039O01029
JAYAGROGN,NSE_EQ|INE785A01026
JAYBARMARU,NSE_EQ|INE571B01036
JAYNECOIND,NSE_EQ|INE854B01010
JAYSREETEA,NSE_EQ|INE364A01020
JBCHEPHARM,NSE_EQ|INE572A01036
JBMA,NSE_EQ|INE927D01044
JCHAC,NSE_EQ|INE782A01015
JGCHEM,NSE_EQ|INE0MB501011
JHS,NSE_EQ|INE544H01014
JINDALPHOT,NSE_EQ|INE796G01012
JINDALPOLY,NSE_EQ|INE197D01010
JINDALSAW,NSE_EQ|INE324A01032
JINDALSTEL,NSE_EQ|INE749A01030
JINDRILL,NSE_EQ|INE742C01031
JINDWORLD,NSE_EQ|INE247D01039
JIOFIN,NSE_EQ|INE758E01017
JISLDVREQS,NSE_EQ|IN9175A01010
JISLJALEQS,NSE_EQ|INE175A01038
JITFINFRA,NSE_EQ|INE863T01013
JKCEMENT,NSE_EQ|INE823G01014
JKIL,NSE_EQ|INE576I01022
JKLAKSHMI,NSE_EQ|INE786A01032
JKPAPER,NSE_EQ|INE789E01012
JKTYRE,NSE_EQ|INE573A01042
JLHL,NSE_EQ|INE682M01012
JMA,NSE_EQ|INE412C01023
JMFINANCIL,NSE_EQ|INE780C01023
JNKINDIA,NSE_EQ|INE0OAF01028
JOCIL,NSE_EQ|INE839G01010
JPOLYINVST,NSE_EQ|INE147P01019
JPPOWER,NSE_EQ|INE351F01018
JSFB,NSE_EQ|INE953L01027
JSL,NSE_EQ|INE220G01021
JSWENERGY,NSE_EQ|INE121E01018
JSWINFRA,NSE_EQ|INE880J01026
JSWSTEEL,NSE_EQ|INE019A01038
JTEKTINDIA,NSE_EQ|INE643A01035
JTLIND,NSE_EQ|INE391J01032
JUBLFOOD,NSE_EQ|INE797F01020
JUBLINGREA,NSE_EQ|INE0BY001018
JUBLPHARMA,NSE_EQ|INE700A01033
JUNIPER,NSE_EQ|INE696F01016
JUSTDIAL,NSE_EQ|INE599M01018
JWL,NSE_EQ|INE209L01016
JYOTHYLAB,NSE_EQ|INE668F01031
JYOTICNC,NSE_EQ|INE980O01024
JYOTISTRUC,NSE_EQ|INE197A01024
KABRAEXTRU,NSE_EQ|INE900B01029
KAJARIACER,NSE_EQ|INE217B01036
KAKATCEM,NSE_EQ|INE437B01014
KALAMANDIR,NSE_EQ|INE438K01021
KALYANKJIL,NSE_EQ|INE303R01014
KAMATHOTEL,NSE_EQ|INE967C01018
KAMDHENU,NSE_EQ|INE390H01012
KANANIIND,NSE_EQ|INE879E01037
KANORICHEM,NSE_EQ|INE138C01024
KANPRPLA,NSE_EQ|INE694E01014
KANSAINER,NSE_EQ|INE531A01024
KAPSTON,NSE_EQ|INE542Z01028
KARMAENG,NSE_EQ|INE725L01011
KARURVYSYA,NSE_EQ|INE036D01028
KAUSHALYA,NSE_EQ|INE234I01028
KAYNES,NSE_EQ|INE918Z01012
KCP,NSE_EQ|INE805C01028
KCPSUGIND,NSE_EQ|INE790B01024
KDDL,NSE_EQ|INE291D01011
KEC,NSE_EQ|INE389H01022
KECL,NSE_EQ|INE134B01017
KEI,NSE_EQ|INE878B01027
KELLTONTEC,NSE_EQ|INE164B01022
KESORAMIND,NSE_EQ|INE087A01019
KEYFINSERV,NSE_EQ|INE681C01015
KFINTECH,NSE_EQ|INE138Y01010
KHADIM,NSE_EQ|INE834I01025
KHAICHEM,NSE_EQ|INE745B01028
KHAITANLTD,NSE_EQ|INE731C01018
KHANDSE,NSE_EQ|INE060B01014
KICL,NSE_EQ|INE029L01018
KILITCH,NSE_EQ|INE729D01010
KIMS,NSE_EQ|INE967H01025
KINGFA,NSE_EQ|INE473D01015
KIOCL,NSE_EQ|INE880L01014
KIRIINDUS,NSE_EQ|INE415I01015
KIRLOSBROS,NSE_EQ|INE732A01036
KIRLOSENG,NSE_EQ|INE146L01010
KIRLOSIND,NSE_EQ|INE250A01039
KIRLPNU,NSE_EQ|INE811A01020
KKCL,NSE_EQ|INE401H01017
KMEW,NSE_EQ|INE0CJD01011
KMSUGAR,NSE_EQ|INE157H01023
KNRCON,NSE_EQ|INE634I01029
KOHINOOR,NSE_EQ|INE080B01012
KOKUYOCMLN,NSE_EQ|INE760A01029
KOLTEPATIL,NSE_EQ|INE094I01018
KOTAKBANK,NSE_EQ|INE237A01028
KOTARISUG,NSE_EQ|INE419A01022
KOTHARIPET,NSE_EQ|INE720A01015
KPEL,NSE_EQ|INE127T01021
KPIGREEN,NSE_EQ|INE542W01025
KPIL,NSE_EQ|INE220B01022
KPITTECH,NSE_EQ|INE04I401011
KPRMILL,NSE_EQ|INE930H01031
KRBL,NSE_EQ|INE001B01026
KRISHANA,NSE_EQ|INE506W01012
KRITI,NSE_EQ|INE479D01038
KRITINUT,NSE_EQ|INE798K01010
KRN,NSE_EQ|INE0Q3J01015
KRONOX,NSE_EQ|INE0ATZ01017
KROSS,NSE_EQ|INE0O6601022
KRSNAA,NSE_EQ|INE08LI01020
KRYSTAL,NSE_EQ|INE0QN801017
KSB,NSE_EQ|INE999A01023
KSCL,NSE_EQ|INE455I01029
KSL,NSE_EQ|INE907A01026
KSOLVES,NSE_EQ|INE0D6I01015
KTKBANK,NSE_EQ|INE614B01018
KUANTUM,NSE_EQ|INE529I01021
LAGNAM,NSE_EQ|INE548Z01017
LALPATHLAB,NSE_EQ|INE600L01024
LANCORHOL,NSE_EQ|INE572G01025
LANDMARK,NSE_EQ|INE559R01029
LAOPALA,NSE_EQ|INE059D01020
LASA,NSE_EQ|INE670X01014
LATENTVIEW,NSE_EQ|INE0I7C01011
LAURUSLABS,NSE_EQ|INE947Q01028
LAXMICOT,NSE_EQ|INE801V01019
LEMONTREE,NSE_EQ|INE970X01018
LEXUS,NSE_EQ|INE500X01013
LFIC,NSE_EQ|INE850E01012
LGBBROSLTD,NSE_EQ|INE337A01034
LIBAS,NSE_EQ|INE908V01012
LIBERTSHOE,NSE_EQ|INE557B01019
LICHSGFIN,NSE_EQ|INE115A01026
LICI,NSE_EQ|INE0J1Y01017
LIKHITHA,NSE_EQ|INE060901027
LINC,NSE_EQ|INE802B01027
LINCOLN,NSE_EQ|INE405C01035
LINDEINDIA,NSE_EQ|INE473A01011
LLOYDSENGG,NSE_EQ|INE093R01011
LLOYDSENT,NSE_EQ|INE080I01025
LLOYDSME,NSE_EQ|INE281B01032
LMW,NSE_EQ|INE269B01029
LODHA,NSE_EQ|INE670K01029
LOKESHMACH,NSE_EQ|INE397H01017
LOTUSEYE,NSE_EQ|INE947I01017
LOVABLE,NSE_EQ|INE597L01014
LT,NSE_EQ|INE018A01030
LTF,NSE_EQ|INE498L01015
LTFOODS,NSE_EQ|INE818H01020
LTIM,NSE_EQ|INE214T01019
LTTS,NSE_EQ|INE010V01017
LUMAXIND,NSE_EQ|INE162B01018
LUMAXTECH,NSE_EQ|INE872H01027
LUPIN,NSE_EQ|INE326A01037
LUXIND,NSE_EQ|INE150G01020
LXCHEM,NSE_EQ|INE576O01020
LYKALABS,NSE_EQ|INE933A01014
LYPSAGEMS,NSE_EQ|INE142K01011
M&M,NSE_EQ|INE101A01026
M&MFIN,NSE_EQ|INE774D01024
MACPOWER,NSE_EQ|INE155Z01011
MADHAV,NSE_EQ|INE925C01016
MADHUCON,NSE_EQ|INE378D01032
MADRASFERT,NSE_EQ|INE414A01015
MAGADSUGAR,NSE_EQ|INE347W01011
MAGNUM,NSE_EQ|INE387I01016
MAHABANK,NSE_EQ|INE457A01014
MAHAPEXLTD,NSE_EQ|INE843B01013
MAHESHWARI,NSE_EQ|INE263W01010
MAHLIFE,NSE_EQ|INE813A01018
MAHLOG,NSE_EQ|INE766P01016
MAHSCOOTER,NSE_EQ|INE288A01013
MAHSEAMLES,NSE_EQ|INE271B01025
MAITHANALL,NSE_EQ|INE683C01011
MALLCOM,NSE_EQ|INE389C01015
MALUPAPER,NSE_EQ|INE383H01017
MAMATA,NSE_EQ|INE0TO701015
MANAKALUCO,NSE_EQ|INE859Q01017
MANAKSIA,NSE_EQ|INE015D01022
MANAKSTEEL,NSE_EQ|INE824Q01011
MANALIPETC,NSE_EQ|INE201A01024
MANAPPURAM,NSE_EQ|INE522D01027
MANBA,NSE_EQ|INE939X01013
MANCREDIT,NSE_EQ|INE545L01039
MANGALAM,NSE_EQ|INE584F01014
MANGCHEFER,NSE_EQ|INE558B01017
MANGLMCEM,NSE_EQ|INE347A01017
MANINDS,NSE_EQ|INE993A01026
MANINFRA,NSE_EQ|INE949H01023
MANKIND,NSE_EQ|INE634S01028
MANOMAY,NSE_EQ|INE784W01015
MANORAMA,NSE_EQ|INE00VM01036
MANORG,NSE_EQ|INE370D01013
MANUGRAPH,NSE_EQ|INE867A01022
MANYAVAR,NSE_EQ|INE825V01034
MAPMYINDIA,NSE_EQ|INE0BV301023
MARALOVER,NSE_EQ|INE882A01013
MARATHON,NSE_EQ|INE182D01020
MARICO,NSE_EQ|INE196A01026
MARKSANS,NSE_EQ|INE750C01026
MARUTI,NSE_EQ|INE585B01010
MASFIN,NSE_EQ|INE348L01012
MASTEK,NSE_EQ|INE759A01021
MASTERTR,NSE_EQ|INE677D01037
MATRIMONY,NSE_EQ|INE866R01028
MAWANASUG,NSE_EQ|INE636A01039
MAXESTATES,NSE_EQ|INE03EI01018
MAXHEALTH,NSE_EQ|INE027H01010
MAXIND,NSE_EQ|INE0CG601016
MAYURUNIQ,NSE_EQ|INE040D01038
MAZDOCK,NSE_EQ|INE249Z01020
MBAPL,NSE_EQ|INE900L01010
MBLINFRA,NSE_EQ|INE912H01013
MCX,NSE_EQ|INE745G01035
MEDANTA,NSE_EQ|INE474Q01031
MEDIASSIST,NSE_EQ|INE456Z01021
MEDICAMEQ,NSE_EQ|INE646B01010
MEDICO,NSE_EQ|INE630Y01024
MEDPLUS,NSE_EQ|INE804L01022
MEGASTAR,NSE_EQ|INE00EM01016
MENONBE,NSE_EQ|INE071D01033
METROBRAND,NSE_EQ|INE317I01021
METROPOLIS,NSE_EQ|INE112L01020
MFSL,NSE_EQ|INE180A01020
MGEL,NSE_EQ|INE0APB01024
MGL,NSE_EQ|INE002S01010
MHRIL,NSE_EQ|INE998I01010
MICEL,NSE_EQ|INE287C01037
MIDHANI,NSE_EQ|INE099Z01011
MINDACORP,NSE_EQ|INE842C01021
MINDTECK,NSE_EQ|INE110B01017
MIRCELECTR,NSE_EQ|INE831A01028
MIRZAINT,NSE_EQ|INE771A01026
MITCON,NSE_EQ|INE828O01033
MITTAL,NSE_EQ|INE997Y01027
MKPL,NSE_EQ|INE964W01021
MMFL,NSE_EQ|INE227C01017
MMP,NSE_EQ|INE511Y01018
MMTC,NSE_EQ|INE123F01029
MOBIKWIK,NSE_EQ|INE0HLU01028
MODIRUBBER,NSE_EQ|INE832A01018
MODISONLTD,NSE_EQ|INE737D01021
MOIL,NSE_EQ|INE490G01020
MOKSH,NSE_EQ|INE514Y01020
MOL,NSE_EQ|INE0CT101020
MOLDTECH,NSE_EQ|INE835B01035
MOLDTKPAC,NSE_EQ|INE893J01029
MONARCH,NSE_EQ|INE903D01011
MONTECARLO,NSE_EQ|INE950M01013
MOREPENLAB,NSE_EQ|INE083A01026
MOTHERSON,NSE_EQ|INE775A08105
MOTILALOFS,NSE_EQ|INE338I01027
MOTISONS,NSE_EQ|INE0FRK01020
MOTOGENFIN,NSE_EQ|INE861B01023
MPHASIS,NSE_EQ|INE356A01018
MPSLTD,NSE_EQ|INE943D01017
MRF,NSE_EQ|INE883A01011
MRO-TEK,NSE_EQ|INE398B01018
MRPL,NSE_EQ|INE103A01014
MSPL,NSE_EQ|INE752G01015
MSTCLTD,NSE_EQ|INE255X01014
MSUMI,NSE_EQ|INE0FS801015
MTARTECH,NSE_EQ|INE864I01014
MTNL,NSE_EQ|INE153A01019
MUFIN,NSE_EQ|INE08KJ01020
MUFTI,NSE_EQ|INE220Q01020
MUKANDLTD,NSE_EQ|INE304A01026
MUKKA,NSE_EQ|INE0CG401037
MUKTAARTS,NSE_EQ|INE374B01019
MUNJALAU,NSE_EQ|INE672B01032
MUNJALSHOW,NSE_EQ|INE577A01027
MURUDCERA,NSE_EQ|INE692B01014
MUTHOOTCAP,NSE_EQ|INE296G01013
MUTHOOTFIN,NSE_EQ|INE414G01012
MUTHOOTMF,NSE_EQ|INE046W01019
MVGJL,NSE_EQ|INE0KNT01012
NACLIND,NSE_EQ|INE295D01020
NAGAFERT,NSE_EQ|INE454M01024
NAGREEKEXP,NSE_EQ|INE123B01028
NAHARCAP,NSE_EQ|INE049I01012
NAHARINDUS,NSE_EQ|INE289A01011
NAHARPOLY,NSE_EQ|INE308A01027
NAHARSPING,NSE_EQ|INE290A01027
NAM-INDIA,NSE_EQ|INE298J01013
NATCOPHARM,NSE_EQ|INE987B01026
NATHBIOGEN,NSE_EQ|INE448G01010
NATIONALUM,NSE_EQ|INE139A01034
NAUKRI,NSE_EQ|INE663F01024
NAVA,NSE_EQ|INE725A01022
NAVINFLUOR,NSE_EQ|INE048G01026
NAVKARCORP,NSE_EQ|INE278M01019
NAVNETEDUL,NSE_EQ|INE060A01024
NAZARA,NSE_EQ|INE418L01021
NBCC,NSE_EQ|INE095N01031
NCC,NSE_EQ|INE868B01028
NCLIND,NSE_EQ|INE732C01016
NDL,NSE_EQ|INE875G01048
NDLVENTURE,NSE_EQ|INE353A01023
NDRAUTO,NSE_EQ|INE07OG01012
NDTV,NSE_EQ|INE155G01029
NECCLTD,NSE_EQ|INE553C01016
NELCAST,NSE_EQ|INE189I01024
NELCO,NSE_EQ|INE045B01015
NEOGEN,NSE_EQ|INE136S01016
NESCO,NSE_EQ|INE317F01035
NESTLEIND,NSE_EQ|INE239A01024
NETWEB,NSE_EQ|INE0NT901020
NETWORK18,NSE_EQ|INE870H01013
NEULANDLAB,NSE_EQ|INE794A01010
NEWGEN,NSE_EQ|INE619B01017
NFL,NSE_EQ|INE870D01012
NGIL,NSE_EQ|INE236Y01012
NGLFINE,NSE_EQ|INE887E01022
NH,NSE_EQ|INE410P01011
NHPC,NSE_EQ|INE848E01016
NIACL,NSE_EQ|INE470Y01017
NIITLTD,NSE_EQ|INE161A01038
NIITMTS,NSE_EQ|INE342G01023
NILAINFRA,NSE_EQ|INE937C01029
NILKAMAL,NSE_EQ|INE310A01015
NINSYS,NSE_EQ|INE395U01014
NIPPOBATRY,NSE_EQ|INE567A01028
NIRAJ,NSE_EQ|INE368I01016
NIRAJISPAT,NSE_EQ|INE326T01011
NITINSPIN,NSE_EQ|INE229H01012
NITIRAJ,NSE_EQ|INE439T01012
NIVABUPA,NSE_EQ|INE995S01015
NLCINDIA,NSE_EQ|INE589A01014
NMDC,NSE_EQ|INE584A01023
NOCIL,NSE_EQ|INE163A01018
NORTHARC,NSE_EQ|INE850M01015
NOVAAGRI,NSE_EQ|INE02H701025
NRAIL,NSE_EQ|INE740D01017
NRBBEARING,NSE_EQ|INE349A01021
NRL,NSE_EQ|INE0JM501013
NSIL,NSE_EQ|INE023A01030
NSLNISP,NSE_EQ|INE0NNS01018
NTPC,NSE_EQ|INE733E01010
NTPCGREEN,NSE_EQ|INE0ONG01011
NUCLEUS,NSE_EQ|INE096B01018
NUVAMA,NSE_EQ|INE531F01015
NUVOCO,NSE_EQ|INE118D01016
NYKAA,NSE_EQ|INE388Y01029
OAL,NSE_EQ|INE959C01023
OBCL,NSE_EQ|INE426Z01016
OBEROIRLTY,NSE_EQ|INE093I01010
OCCL,NSE_EQ|INE321D01016
OCCLLTD,NSE_EQ|INE0PK601023
OFSS,NSE_EQ|INE881D01027
OIL,NSE_EQ|INE274J01014
OLAELEC,NSE_EQ|INE0LXG01040
OLECTRA,NSE_EQ|INE260D01016
OMAXAUTO,NSE_EQ|INE090B01011
OMAXE,NSE_EQ|INE800H01010
OMINFRAL,NSE_EQ|INE239D01028
ONELIFECAP,NSE_EQ|INE912L01015
ONEPOINT,NSE_EQ|INE840Y01029
ONGC,NSE_EQ|INE213A01029
ONMOBILE,NSE_EQ|INE809I01019
ONWARDTEC,NSE_EQ|INE229A01017
OPTIEMUS,NSE_EQ|INE350C01017
ORCHPHARMA,NSE_EQ|INE191A01027
ORICONENT,NSE_EQ|INE730A01022
ORIENTALTL,NSE_EQ|INE998H01012
ORIENTBELL,NSE_EQ|INE607D01018
ORIENTCEM,NSE_EQ|INE876N01018
ORIENTCER,NSE_EQ|INE569C01020
ORIENTELEC,NSE_EQ|INE142Z01019
ORIENTHOT,NSE_EQ|INE750A01020
ORIENTPPR,NSE_EQ|INE592A01026
ORIENTTECH,NSE_EQ|INE0PPK01015
ORISSAMINE,NSE_EQ|INE725E01024
ORTINGLOBE,NSE_EQ|INE749B01020
OSWALAGRO,NSE_EQ|INE142A01012
OSWALGREEN,NSE_EQ|INE143A01010
PAGEIND,NSE_EQ|INE761H01022
PAISALO,NSE_EQ|INE420C01059
PAKKA,NSE_EQ|INE551D01018
PALASHSECU,NSE_EQ|INE471W01019
PANACEABIO,NSE_EQ|INE922B01023
PANAMAPET,NSE_EQ|INE305C01029
PANSARI,NSE_EQ|INE697V01011
PARACABLES,NSE_EQ|INE074B01023
PARADEEP,NSE_EQ|INE088F01024
PARAGMILK,NSE_EQ|INE883N01014
PARAS,NSE_EQ|INE045601015
PARASPETRO,NSE_EQ|INE162C01024
PARKHOTELS,NSE_EQ|INE988S01028
PATANJALI,NSE_EQ|INE619A01035
PATELENG,NSE_EQ|INE244B01030
PATINTLOG,NSE_EQ|INE529D01014
PAVNAIND,NSE_EQ|INE07S101020
PAYTM,NSE_EQ|INE982J01020
PCBL,NSE_EQ|INE602A01031
PCJEWELLER,NSE_EQ|INE785M01021
PDMJEPAPER,NSE_EQ|INE865T01018
PDSL,NSE_EQ|INE111Q01021
PEARLPOLY,NSE_EQ|INE844A01013
PEL,NSE_EQ|INE140A01024
PENIND,NSE_EQ|INE932A01024
PENINLAND,NSE_EQ|INE138A01028
PERSISTENT,NSE_EQ|INE262H01021
PETRONET,NSE_EQ|INE347G01014
PFC,NSE_EQ|INE134E01011
PFIZER,NSE_EQ|INE182A01018
PFOCUS,NSE_EQ|INE367G01038
PFS,NSE_EQ|INE560K01014
PGEL,NSE_EQ|INE457L01029
PGHH,NSE_EQ|INE179A01014
PGHL,NSE_EQ|INE199A01012
PGIL,NSE_EQ|INE940H01022
PHOENIXLTD,NSE_EQ|INE211B01039
PIDILITIND,NSE_EQ|INE318A01026
PIIND,NSE_EQ|INE603J01030
PILANIINVS,NSE_EQ|INE417C01014
PILITA,NSE_EQ|INE600A01035
PITTIENG,NSE_EQ|INE450D01021
PIXTRANS,NSE_EQ|INE751B01018
PLASTIBLEN,NSE_EQ|INE083C01022
PLATIND,NSE_EQ|INE0PT501018
PLAZACABLE,NSE_EQ|INE0INJ01017
PNB,NSE_EQ|INE160A01022
PNBGILTS,NSE_EQ|INE859A01011
PNBHOUSING,NSE_EQ|INE572E01012
PNC,NSE_EQ|INE392B01011
PNCINFRA,NSE_EQ|INE195J01029
PNGJL,NSE_EQ|INE953R01016
POCL,NSE_EQ|INE063E01053
PODDARMENT,NSE_EQ|INE371C01013
POKARNA,NSE_EQ|INE637C01025
POLICYBZR,NSE_EQ|INE417T01026
POLYCAB,NSE_EQ|INE455K01017
POLYMED,NSE_EQ|INE205C01021
POLYPLEX,NSE_EQ|INE633B01018
PONNIERODE,NSE_EQ|INE838E01017
POONAWALLA,NSE_EQ|INE511C01022
POWERGRID,NSE_EQ|INE752E01010
POWERINDIA,NSE_EQ|INE07Y701011
POWERMECH,NSE_EQ|INE211R01019
PPAP,NSE_EQ|INE095I01015
PPL,NSE_EQ|INE050001010
PPLPHARMA,NSE_EQ|INE0DK501011
PRAENG,NSE_EQ|INE505C01016
PRAJIND,NSE_EQ|INE074A01025
PRAKASH,NSE_EQ|INE603A01013
PRAKASHSTL,NSE_EQ|INE696K01024
PRECAM,NSE_EQ|INE484I01029
PRECWIRE,NSE_EQ|INE372C01037
PREMEXPLN,NSE_EQ|INE863B01029
PREMIERENE,NSE_EQ|INE0BS701011
PRESTIGE,NSE_EQ|INE811K01011
PRICOLLTD,NSE_EQ|INE726V01018
PRIMESECU,NSE_EQ|INE032B01021
PRINCEPIPE,NSE_EQ|INE689W01016
PRITI,NSE_EQ|INE974Z01015
PRITIKAUTO,NSE_EQ|INE583R01029
PRIVISCL,NSE_EQ|INE959A01019
PRSMJOHNSN,NSE_EQ|INE010A01011
PRUDENT,NSE_EQ|INE00F201020
PSB,NSE_EQ|INE608A01012
PSPPROJECT,NSE_EQ|INE488V01015
PTC,NSE_EQ|INE877F01012
PTCIL,NSE_EQ|INE596F01018
PTL,NSE_EQ|INE034D01049
PUNJABCHEM,NSE_EQ|INE277B01014
PURVA,NSE_EQ|INE323I01011
PVP,NSE_EQ|INE362A01016
PVRINOX,NSE_EQ|INE191H01014
PVSL,NSE_EQ|INE772T01024
PYRAMID,NSE_EQ|INE0MIS01010
QUESS,NSE_EQ|INE615P01015
QUICKHEAL,NSE_EQ|INE306L01010
RACE,NSE_EQ|INE084Q01012
RACLGEAR,NSE_EQ|INE704B01017
RADHIKAJWE,NSE_EQ|INE583V01021
RADIANTCMS,NSE_EQ|INE855R01021
RADICO,NSE_EQ|INE944F01028
RADIOCITY,NSE_EQ|INE919I01024
RAILTEL,NSE_EQ|INE0DD101019
RAIN,NSE_EQ|INE855B01025
RAINBOW,NSE_EQ|INE961O01016
RAJESHEXPO,NSE_EQ|INE343B01030
RAJMET,NSE_EQ|INE00KV01022
RAJRATAN,NSE_EQ|INE451D01029
RAJSREESUG,NSE_EQ|INE562B01019
RALLIS,NSE_EQ|INE613A01020
RAMANEWS,NSE_EQ|INE278B01020
RAMAPHO,NSE_EQ|INE809A01024
RAMASTEEL,NSE_EQ|INE230R01035
RAMCOCEM,NSE_EQ|INE331A01037
RAMCOIND,NSE_EQ|INE614A01028
RAMCOSYS,NSE_EQ|INE246B01019
RAMKY,NSE_EQ|INE874I01013
RAMRAT,NSE_EQ|INE207E01023
RANASUG,NSE_EQ|INE625B01014
RANEENGINE,NSE_EQ|INE222J01013
RANEHOLDIN,NSE_EQ|INE384A01010
RATEGAIN,NSE_EQ|INE0CLI01024
RATNAMANI,NSE_EQ|INE703B01027
RATNAVEER,NSE_EQ|INE05CZ01011
RAYMOND,NSE_EQ|INE301A01014
RAYMONDLSL,NSE_EQ|INE02ID01020
RBA,NSE_EQ|INE07T201019
RBL,NSE_EQ|INE244J01017
RBLBANK,NSE_EQ|INE976G01028
RBZJEWEL,NSE_EQ|INE0PEQ01016
RCF,NSE_EQ|INE027A01015
RECLTD,NSE_EQ|INE020B01018
REDINGTON,NSE_EQ|INE891D01026
REDTAPE,NSE_EQ|INE0LXT01019
RELAXO,NSE_EQ|INE131B01039
RELCHEMQ,NSE_EQ|INE750D01016
RELIABLE,NSE_EQ|INE375Y01018
RELIANCE,NSE_EQ|INE002A01018
RELIGARE,NSE_EQ|INE621H01010
RELINFRA,NSE_EQ|INE036A01016
RELTD,NSE_EQ|INE206N01018
REMSONSIND,NSE_EQ|INE474C01023
RENUKA,NSE_EQ|INE087H01022
REPCOHOME,NSE_EQ|INE612J01015
REPRO,NSE_EQ|INE461B01014
RESPONIND,NSE_EQ|INE688D01026
RETAIL,NSE_EQ|INE03DD01011
RGL,NSE_EQ|INE722H01024
RHIM,NSE_EQ|INE743M01012
RICOAUTO,NSE_EQ|INE209B01025
RIIL,NSE_EQ|INE046A01015
RISHABH,NSE_EQ|INE0N2P01017
RITCO,NSE_EQ|INE01EG01016
RITES,NSE_EQ|INE320J01015
RKDL,NSE_EQ|INE722J01012
RKEC,NSE_EQ|INE786W01010
RKFORGE,NSE_EQ|INE399G01023
RKSWAMY,NSE_EQ|INE0NQ801033
RML,NSE_EQ|INE050H01012
ROHLTD,NSE_EQ|INE283H01019
ROLEXRINGS,NSE_EQ|INE645S01016
ROML,NSE_EQ|INE294G01026
ROSSARI,NSE_EQ|INE02A801020
ROSSTECH,NSE_EQ|INE0OJW01016
ROTO,NSE_EQ|INE535D01037
ROUTE,NSE_EQ|INE450U01017
RPEL,NSE_EQ|INE912T01018
RPGLIFE,NSE_EQ|INE105J01010
RPOWER,NSE_EQ|INE614G01033
RPPL,NSE_EQ|INE760W01023
RPSGVENT,NSE_EQ|INE425Y01011
RPTECH,NSE_EQ|INE0J1F01024
RRKABEL,NSE_EQ|INE777K01022
RSWM,NSE_EQ|INE611A01016
RSYSTEMS,NSE_EQ|INE411H01032
RTNINDIA,NSE_EQ|INE834M01019
RTNPOWER,NSE_EQ|INE399K01017
RUBFILA,NSE_EQ|INE642C01025
RUBYMILLS,NSE_EQ|INE301D01026
RUCHINFRA,NSE_EQ|INE413B01023
RUCHIRA,NSE_EQ|INE803H01014
RUPA,NSE_EQ|INE895B01021
RUSHIL,NSE_EQ|INE573K01025
RUSTOMJEE,NSE_EQ|INE263M01029
RVNL,NSE_EQ|INE415G01027
S&SPOWER,NSE_EQ|INE902B01017
SADBHAV,NSE_EQ|INE226H01026
SADBHIN,NSE_EQ|INE764L01010
SADHNANIQ,NSE_EQ|INE888C01040
SAFARI,NSE_EQ|INE429E01023
SAGARDEEP,NSE_EQ|INE976T01013
SAGCEM,NSE_EQ|INE229C01021
SAHYADRI,NSE_EQ|INE280H01015
SAIL,NSE_EQ|INE114A01011
SAILIFE,NSE_EQ|INE570L01029
SAKAR,NSE_EQ|INE732S01012
SAKHTISUG,NSE_EQ|INE623A01011
SAKSOFT,NSE_EQ|INE667G01023
SALASAR,NSE_EQ|INE170V01027
SALONA,NSE_EQ|INE498E01010
SALSTEEL,NSE_EQ|INE658G01014
SALZERELEC,NSE_EQ|INE457F01013
SAMHI,NSE_EQ|INE08U801020
SAMMAANCAP,NSE_EQ|INE148I01020
SANATHAN,NSE_EQ|INE0JPD01013
SANDESH,NSE_EQ|INE583B01015
SANDHAR,NSE_EQ|INE278H01035
SANDUMA,NSE_EQ|INE149K01016
SANGAMIND,NSE_EQ|INE495C01010
SANGHIIND,NSE_EQ|INE999B01013
SANGHVIMOV,NSE_EQ|INE989A01032
SANGINITA,NSE_EQ|INE753W01010
SANOFI,NSE_EQ|INE058A01010
SANOFICONR,NSE_EQ|INE0UOS01011
SANSERA,NSE_EQ|INE953O01021
SANSTAR,NSE_EQ|INE08NE01025
SAPPHIRE,NSE_EQ|INE806T01020
SARDAEN,NSE_EQ|INE385C01021
SAREGAMA,NSE_EQ|INE979A01025
SARVESHWAR,NSE_EQ|INE324X01026
SASKEN,NSE_EQ|INE231F01020
SASTASUNDR,NSE_EQ|INE019J01013
SATIA,NSE_EQ|INE170E01023
SATIN,NSE_EQ|INE836B01017
SATINDLTD,NSE_EQ|INE065D01027
SAURASHCEM,NSE_EQ|INE626A01014
SBC,NSE_EQ|INE04AK01028
SBCL,NSE_EQ|INE386D01027
SBFC,NSE_EQ|INE423Y01016
SBGLP,NSE_EQ|INE05ST01028
SBICARD,NSE_EQ|INE018E01016
SBILIFE,NSE_EQ|INE123W01016
SBIN,NSE_EQ|INE062A01020
SCHAEFFLER,NSE_EQ|INE513A01022
SCHAND,NSE_EQ|INE807K01035
SCHNEIDER,NSE_EQ|INE839M01018
SCI,NSE_EQ|INE109A01011
SCILAL,NSE_EQ|INE0PB301013
SCPL,NSE_EQ|INE501Y01019
SDBL,NSE_EQ|INE480C01038
SEAMECLTD,NSE_EQ|INE497B01018
SECMARK,NSE_EQ|INE0BTM01013
SECURKLOUD,NSE_EQ|INE650K01021
SEJALLTD,NSE_EQ|INE955I01044
SELAN,NSE_EQ|INE818A01017
SELMC,NSE_EQ|INE105I01020
SENCO,NSE_EQ|INE602W01019
SENORES,NSE_EQ|INE0RB801010
SEPC,NSE_EQ|INE964H01014
SEQUENT,NSE_EQ|INE807F01027
SERVOTECH,NSE_EQ|INE782X01033
SESHAPAPER,NSE_EQ|INE630A01024
SFL,NSE_EQ|INE916U01025
SGL,NSE_EQ|INE353H01010
SHAH,NSE_EQ|INE482J01021
SHALBY,NSE_EQ|INE597J01018
SHALPAINTS,NSE_EQ|INE849C01026
SHANKARA,NSE_EQ|INE274V01019
SHANTI,NSE_EQ|INE933X01016
SHANTIGEAR,NSE_EQ|INE631A01022
SHARDACROP,NSE_EQ|INE221J01015
SHARDAMOTR,NSE_EQ|INE597I01028
SHAREINDIA,NSE_EQ|INE932X01026
SHEMAROO,NSE_EQ|INE363M01019
SHILPAMED,NSE_EQ|INE790G01031
SHIVALIK,NSE_EQ|INE788J01021
SHIVAMAUTO,NSE_EQ|INE637H01024
SHIVAMILLS,NSE_EQ|INE644Y01017
SHIVATEX,NSE_EQ|INE705C01020
SHK,NSE_EQ|INE500L01026
SHOPERSTOP,NSE_EQ|INE498B01024
SHREDIGCEM,NSE_EQ|INE232A01011
SHREECEM,NSE_EQ|INE070A01015
SHREEPUSHK,NSE_EQ|INE712K01011
SHRENIK,NSE_EQ|INE632X01030
SHREYANIND,NSE_EQ|INE231C01019
SHRIPISTON,NSE_EQ|INE526E01018
SHRIRAMFIN,NSE_EQ|INE721A01013
SHRIRAMPPS,NSE_EQ|INE217L01019
SHYAMCENT,NSE_EQ|INE979R01011
SHYAMMETL,NSE_EQ|INE810G01011
SIEMENS,NSE_EQ|INE003A01024
SIGACHI,NSE_EQ|INE0D0K01022
SIGIND,NSE_EQ|INE529F01035
SIGMA,NSE_EQ|INE0A0S01010
SIGNATURE,NSE_EQ|INE903U01023
SIKKO,NSE_EQ|INE112X01017
SIL,NSE_EQ|INE173A01025
SILGO,NSE_EQ|INE01II01013
SILINV,NSE_EQ|INE923A01015
SILLYMONKS,NSE_EQ|INE203Y01012
SILVERTUC,NSE_EQ|INE625X01018
SINCLAIR,NSE_EQ|INE985A01022
SINDHUTRAD,NSE_EQ|INE325D01025
SINTERCOM,NSE_EQ|INE129Z01016
SIRCA,NSE_EQ|INE792Z01011
SIS,NSE_EQ|INE285J01028
SIYSIL,NSE_EQ|INE076B01028
SJS,NSE_EQ|INE284S01014
SJVN,NSE_EQ|INE002L01015
SKFINDIA,NSE_EQ|INE640A01023
SKIPPER,NSE_EQ|INE439E01022
SKMEGGPROD,NSE_EQ|INE411D01015
SKYGOLD,NSE_EQ|INE01IU01018
SMCGLOBAL,NSE_EQ|INE103C01036
SMLISUZU,NSE_EQ|INE294B01019
SMLT,NSE_EQ|INE017W01010
SMSPHARMA,NSE_EQ|INE812G01025
SNOWMAN,NSE_EQ|INE734N01019
SOBHA,NSE_EQ|INE671H01015
SOLARA,NSE_EQ|INE624Z01016
SOLARINDS,NSE_EQ|INE343H01029
SOMANYCERA,NSE_EQ|INE355A01028
SOMICONVEY,NSE_EQ|INE323J01019
SONACOMS,NSE_EQ|INE073K01018
SONATSOFTW,NSE_EQ|INE269A01021
SOTL,NSE_EQ|INE035D01020
SOUTHBANK,NSE_EQ|INE683A01023
SOUTHWEST,NSE_EQ|INE980Y01015
SPAL,NSE_EQ|INE212I01016
SPANDANA,NSE_EQ|INE572J01011
SPARC,NSE_EQ|INE232I01014
SPECIALITY,NSE_EQ|INE247M01014
SPENCERS,NSE_EQ|INE020801028
SPIC,NSE_EQ|INE147A01011
SPLIL,NSE_EQ|INE978G01016
SPLPETRO,NSE_EQ|INE663A01033
SPORTKING,NSE_EQ|INE885H01029
SREEL,NSE_EQ|INE099F01013
SRF,NSE_EQ|INE647A01010
SRGHFL,NSE_EQ|INE559N01010
SRHHYPOLTD,NSE_EQ|INE917H01012
SSDL,NSE_EQ|INE0PQ101010
SSWL,NSE_EQ|INE802C01033
STANLEY,NSE_EQ|INE01A001028
STAR,NSE_EQ|INE939A01011
STARCEMENT,NSE_EQ|INE460H01021
STARHEALTH,NSE_EQ|INE575P01011
STARPAPER,NSE_EQ|INE733A01018
STARTECK,NSE_EQ|INE992I01013
STCINDIA,NSE_EQ|INE655A01013
STEELCAS,NSE_EQ|INE124E01020
STEELCITY,NSE_EQ|INE395H01011
STEELXIND,NSE_EQ|INE503B01021
STEL,NSE_EQ|INE577L01016
STERTOOLS,NSE_EQ|INE334A01023
STLTECH,NSE_EQ|INE089C01029
STOVEKRAFT,NSE_EQ|INE00IN01015
STYLAMIND,NSE_EQ|INE239C01020
STYLEBAAZA,NSE_EQ|INE01FR01028
STYRENIX,NSE_EQ|INE189B01011
SUBEXLTD,NSE_EQ|INE754A01055
SUBROS,NSE_EQ|INE287B01021
SUDARSCHEM,NSE_EQ|INE659A01023
SUKHJITS,NSE_EQ|INE450E01029
SULA,NSE_EQ|INE142Q01026
SUMICHEM,NSE_EQ|INE258G01013
SUMMITSEC,NSE_EQ|INE519C01017
SUNCLAY,NSE_EQ|INE0Q3R01026
SUNDARAM,NSE_EQ|INE108E01023
SUNDARMFIN,NSE_EQ|INE660A01013
SUNDARMHLD,NSE_EQ|INE202Z01029
SUNDRMFAST,NSE_EQ|INE387A01021
SUNPHARMA,NSE_EQ|INE044A01036
SUNTECK,NSE_EQ|INE805D01034
SUNTV,NSE_EQ|INE424H01027
SUPERHOUSE,NSE_EQ|INE712B01010
SUPRAJIT,NSE_EQ|INE399C01030
SUPREMEIND,NSE_EQ|INE195A01028
SUPRIYA,NSE_EQ|INE07RO01027
SURAJEST,NSE_EQ|INE843S01025
SURAKSHA,NSE_EQ|INE877V01027
SURANASOL,NSE_EQ|INE272L01022
SURANAT&P,NSE_EQ|INE130B01031
SURYALAXMI,NSE_EQ|INE713B01026
SURYAROSNI,NSE_EQ|INE335A01020
SURYODAY,NSE_EQ|INE428Q01011
SUTLEJTEX,NSE_EQ|INE645H01027
SUVEN,NSE_EQ|INE495B01038
SUVENPHAR,NSE_EQ|INE03QK01018
SUVIDHAA,NSE_EQ|INE018401013
SUYOG,NSE_EQ|INE442P01014
SUZLON,NSE_EQ|INE040H01021
SWANENERGY,NSE_EQ|INE665A01038
SWARAJENG,NSE_EQ|INE277A01016
SWELECTES,NSE_EQ|INE409B01013
SWIGGY,NSE_EQ|INE00H001014
SWSOLAR,NSE_EQ|INE00M201021
SYMPHONY,NSE_EQ|INE225D01027
SYNCOMF,NSE_EQ|INE312C01025
SYNGENE,NSE_EQ|INE398R01022
SYRMA,NSE_EQ|INE0DYJ01015
TAINWALCHM,NSE_EQ|INE123C01018
TAJGVK,NSE_EQ|INE586B01026
TALBROAUTO,NSE_EQ|INE187D01029
TANLA,NSE_EQ|INE483C01032
TARC,NSE_EQ|INE0EK901012
TARMAT,NSE_EQ|INE924H01018
TARSONS,NSE_EQ|INE144Z01023
TASTYBITE,NSE_EQ|INE488B01017
TATACHEM,NSE_EQ|INE092A01019
TATACOMM,NSE_EQ|INE151A01013
TATACONSUM,NSE_EQ|INE192A01025
TATAELXSI,NSE_EQ|INE670A01012
TATAINVEST,NSE_EQ|INE672A01018
TATAMOTORS,NSE_EQ|INE155A01022
TATAPOWER,NSE_EQ|INE245A01021
TATASTEEL,NSE_EQ|INE081A01020
TATATECH,NSE_EQ|INE142M01025
TATVA,NSE_EQ|INE0GK401011
TBOTEK,NSE_EQ|INE673O01025
TBZ,NSE_EQ|INE760L01018
TCI,NSE_EQ|INE688A01022
TCIEXP,NSE_EQ|INE586V01016
TCLCONS,NSE_EQ|INE388G01026
TCPLPACK,NSE_EQ|INE822C01015
TCS,NSE_EQ|INE467B01029
TDPOWERSYS,NSE_EQ|INE419M01027
TEAMLEASE,NSE_EQ|INE985S01024
TECHM,NSE_EQ|INE669C01036
TECHNOE,NSE_EQ|INE285K01026
TECILCHEM,NSE_EQ|INE014B01011
TEGA,NSE_EQ|INE011K01018
TEJASNET,NSE_EQ|INE010J01012
TEXINFRA,NSE_EQ|INE435C01024
TEXMOPIPES,NSE_EQ|INE141K01013
TEXRAIL,NSE_EQ|INE621L01012
TFCILTD,NSE_EQ|INE305A01015
TGBHOTELS,NSE_EQ|INE797H01018
THANGAMAYL,NSE_EQ|INE085J01014
THEINVEST,NSE_EQ|INE924D01017
THEJO,NSE_EQ|INE121N01019
THEMISMED,NSE_EQ|INE083B01024
THERMAX,NSE_EQ|INE152A01029
THOMASCOOK,NSE_EQ|INE332A01027
THYROCARE,NSE_EQ|INE594H01019
TI,NSE_EQ|INE133E01013
TIIL,NSE_EQ|INE545H01011
TIINDIA,NSE_EQ|INE974X01010
TIL,NSE_EQ|INE806C01018
TIMETECHNO,NSE_EQ|INE508G01029
TIMKEN,NSE_EQ|INE325A01013
TIPSMUSIC,NSE_EQ|INE716B01029
TIRUMALCHM,NSE_EQ|INE338A01024
TITAGARH,NSE_EQ|INE615H01020
TITAN,NSE_EQ|INE280A01028
TMB,NSE_EQ|INE668A01016
TNPETRO,NSE_EQ|INE148A01019
TNPL,NSE_EQ|INE107A01015
TOKYOPLAST,NSE_EQ|INE932C01012
TOLINS,NSE_EQ|INE0RWQ01014
TORNTPHARM,NSE_EQ|INE685A01028
TORNTPOWER,NSE_EQ|INE813H01021
TOTAL,NSE_EQ|INE336X01012
TOUCHWOOD,NSE_EQ|INE486Y01013
TPLPLASTEH,NSE_EQ|INE413G01022
TRACXN,NSE_EQ|INE0HMF01019
TRANSRAILL,NSE_EQ|INE454P01035
TRANSWORLD,NSE_EQ|INE757B01015
TREJHARA,NSE_EQ|INE00CA01015
TREL,NSE_EQ|INE0O3901029
TRENT,NSE_EQ|INE849A01020
TRF,NSE_EQ|INE391D01019
TRIDENT,NSE_EQ|INE064C01022
TRIGYN,NSE_EQ|INE948A01012
TRITURBINE,NSE_EQ|INE152M01016
TRIVENI,NSE_EQ|INE256C01024
TTKHLTCARE,NSE_EQ|INE910C01018
TTKPRESTIG,NSE_EQ|INE690A01028
TTML,NSE_EQ|INE517B01013
TVSELECT,NSE_EQ|INE236G01019
TVSHLTD,NSE_EQ|INE105A01035
TVSMOTOR,NSE_EQ|INE494B01023
TVSSCS,NSE_EQ|INE395N01027
TVSSRICHAK,NSE_EQ|INE421C01016
TVTODAY,NSE_EQ|INE038F01029
UBL,NSE_EQ|INE686F01025
UCOBANK,NSE_EQ|INE691A01018
UDAICEMENT,NSE_EQ|INE225C01029
UDS,NSE_EQ|INE851I01011
UFLEX,NSE_EQ|INE516A01017
UFO,NSE_EQ|INE527H01019
UGARSUGAR,NSE_EQ|INE071E01023
UGROCAP,NSE_EQ|INE583D01011
UJJIVANSFB,NSE_EQ|INE551W01018
ULTRACEMCO,NSE_EQ|INE481G01011
UMAEXPORTS,NSE_EQ|INE0GIU01018
UMESLTD,NSE_EQ|INE240C01028
UNICHEMLAB,NSE_EQ|INE351A01035
UNIDT,NSE_EQ|INE961D01019
UNIECOM,NSE_EQ|INE00U401027
UNIENTER,NSE_EQ|INE037A01022
UNIINFO,NSE_EQ|INE481Z01011
UNIMECH,NSE_EQ|INE0U3I01011
UNIONBANK,NSE_EQ|INE692A01016
UNIPARTS,NSE_EQ|INE244O01017
UNITDSPR,NSE_EQ|INE854D01024
UNITEDTEA,NSE_EQ|INE458F01011
UNIVCABLES,NSE_EQ|INE279A01012
UNOMINDA,NSE_EQ|INE405E01023
UPL,NSE_EQ|INE628A01036
USHAMART,NSE_EQ|INE228A01035
USK,NSE_EQ|INE0N0Y01013
UTIAMC,NSE_EQ|INE094J01016
UTKARSHBNK,NSE_EQ|INE735W01017
UTTAMSUGAR,NSE_EQ|INE786F01031
UYFINCORP,NSE_EQ|INE152C01025
VADILALIND,NSE_EQ|INE694D01016
VAIBHAVGBL,NSE_EQ|INE884A01027
VAISHALI,NSE_EQ|INE972X01022
VAKRANGEE,NSE_EQ|INE051B01021
VALIANTLAB,NSE_EQ|INE0JWS01017
VALIANTORG,NSE_EQ|INE565V01010
VARDHACRLC,NSE_EQ|INE116G01013
VARROC,NSE_EQ|INE665L01035
VASCONEQ,NSE_EQ|INE893I01013
VASWANI,NSE_EQ|INE590L01019
VBL,NSE_EQ|INE200M01039
VCL,NSE_EQ|INE098201036
VEDL,NSE_EQ|INE205A01025
VEEDOL,NSE_EQ|INE484C01030
VENKEYS,NSE_EQ|INE398A01010
VENTIVE,NSE_EQ|INE781S01027
VENUSPIPES,NSE_EQ|INE0JA001018
VENUSREM,NSE_EQ|INE411B01019
VERANDA,NSE_EQ|INE0IQ001011
VESUVIUS,NSE_EQ|INE386A01015
VETO,NSE_EQ|INE918N01018
VGUARD,NSE_EQ|INE951I01027
VHL,NSE_EQ|INE701A01023
VIDHIING,NSE_EQ|INE632C01026
VIJAYA,NSE_EQ|INE043W01024
VIKASECO,NSE_EQ|INE806A01020
VIKASLIFE,NSE_EQ|INE161L01027
VIMTALABS,NSE_EQ|INE579C01029
VINATIORGA,NSE_EQ|INE410B01037
VINCOFE,NSE_EQ|INE498Q01014
VINDHYATEL,NSE_EQ|INE707A01012
VINEETLAB,NSE_EQ|INE505Y01010
VINYLINDIA,NSE_EQ|INE250B01029
VIPCLOTHNG,NSE_EQ|INE450G01024
VIPIND,NSE_EQ|INE054A01027
VIRINCHI,NSE_EQ|INE539B01017
VISAKAIND,NSE_EQ|INE392A01021
VISHNU,NSE_EQ|INE270I01022
VISHWARAJ,NSE_EQ|INE430N01022
VIVIDHA,NSE_EQ|INE370E01029
VLEGOV,NSE_EQ|INE03HW01020
VLSFINANCE,NSE_EQ|INE709A01018
VMART,NSE_EQ|INE665J01013
VMM,NSE_EQ|INE01EA01019
VOLTAMP,NSE_EQ|INE540H01012
VOLTAS,NSE_EQ|INE226A01021
VPRPL,NSE_EQ|INE0AE001013
VRAJ,NSE_EQ|INE0S2V01010
VRLLOG,NSE_EQ|INE366I01010
VSSL,NSE_EQ|INE050M01012
VSTIND,NSE_EQ|INE710A01016
VSTL,NSE_EQ|INE0QTF01015
VSTTILLERS,NSE_EQ|INE764D01017
VTL,NSE_EQ|INE825A01020
WAAREEENER,NSE_EQ|INE377N01017
WABAG,NSE_EQ|INE956G01038
WALCHANNAG,NSE_EQ|INE711A01022
WANBURY,NSE_EQ|INE107F01022
WCIL,NSE_EQ|INE0CJF01024
WEALTH,NSE_EQ|INE658T01017
WEIZMANIND,NSE_EQ|INE080A01014
WEL,NSE_EQ|INE02WG01024
WELCORP,NSE_EQ|INE191B01025
WELENT,NSE_EQ|INE625G01013
WELINV,NSE_EQ|INE389K01018
WELSPUNLIV,NSE_EQ|INE192B01031
WENDT,NSE_EQ|INE274C01019
WESTLIFE,NSE_EQ|INE274F01020
WEWIN,NSE_EQ|INE082W01014
WHEELS,NSE_EQ|INE715A01015
WHIRLPOOL,NSE_EQ|INE716A01013
WILLAMAGOR,NSE_EQ|INE210A01017
WINDLAS,NSE_EQ|INE0H5O01029
WINDMACHIN,NSE_EQ|INE052A01021
WIPRO,NSE_EQ|INE075A01022
WOCKPHARMA,NSE_EQ|INE049B01025
WONDERLA,NSE_EQ|INE066O01014
WORTH,NSE_EQ|INE196Y01018
WSI,NSE_EQ|INE100D01014
WSTCSTPAPR,NSE_EQ|INE976A01021
XCHANGING,NSE_EQ|INE692G01013
XELPMOC,NSE_EQ|INE01P501012
XPROINDIA,NSE_EQ|INE445C01015
XTGLOBAL,NSE_EQ|INE547B01028
YASHO,NSE_EQ|INE616Z01012
YATHARTH,NSE_EQ|INE0JO301016
YATRA,NSE_EQ|INE0JR601024
YESBANK,NSE_EQ|INE528G01035
YUKEN,NSE_EQ|INE384C01016
ZAGGLE,NSE_EQ|INE07K301024
ZEEL,NSE_EQ|INE256A01028
ZEELEARN,NSE_EQ|INE565L01011
ZEEMEDIA,NSE_EQ|INE966H01019
ZENITHEXPO,NSE_EQ|INE058B01018
ZENITHSTL,NSE_EQ|INE318D01020
ZENSARTECH,NSE_EQ|INE520A01027
ZENTEC,NSE_EQ|INE251B01027
ZFCVINDIA,NSE_EQ|INE342J01019
ZIMLAB,NSE_EQ|INE518E01015
ZODIAC,NSE_EQ|INE761Y01019
ZODIACLOTH,NSE_EQ|INE206B01013
ZOMATO,NSE_EQ|INE758T01015
ZOTA,NSE_EQ|INE358U01012
ZUARI,NSE_EQ|INE840M01016
ZUARIIND,NSE_EQ|INE217A01012
ZYDUSLIFE,NSE_EQ|INE010B01027
ZYDUSWELL,NSE_EQ|INE768C01010
